{
  "Canada": [
    -98.14238121819609,
    61.469076186213755
  ],
  "India": [
    79.59370366438527,
    22.925006300070333
  ],
  "Philippines": [
    122.90267236651282,
    11.763799338462986
  ],
  "China, People's Republic of": [
    103.88361620775093,
    36.55506850593301
  ],
  "Syria": [
    38.54423937337721,
    35.01261407482943
  ],
  "Pakistan": [
    69.41399808627132,
    29.973460042550542
  ],
  "Nigeria": [
    7.995127765434098,
    9.548318380847919
  ],
  "Iran": [
    54.28545149299191,
    32.51891730648992
  ],
  "France": [
    -2.880599195464412,
    42.457718040520746
  ],
  "Eritrea": [
    38.67817733284897,
    15.42727561505336
  ],
  "Iraq": [
    43.756911464164496,
    33.03682253689675
  ],
  "Jamaica": [
    -77.32425474084792,
    18.137635986094743
  ],
  "Brazil": [
    -53.05433995683985,
    -10.806773681852475
  ],
  "Mexico": [
    -102.57634951262845,
    23.935371917330805
  ],
  "Egypt": [
    29.844461516983507,
    26.506619997407647
  ],
  "Bangladesh": [
    90.26792836633719,
    23.839461928066203
  ],
  "Algeria": [
    2.5980478144746018,
    28.185481292453204
  ],
  "Afghanistan": [
    66.08669017344614,
    33.856399243318464
  ],
  "Vietnam": [
    106.28584084813882,
    16.657937717046458
  ],
  "Ukraine": [
    31.36953300795837,
    48.97301785822512
  ],
  "Morocco": [
    -8.420479718817827,
    29.885394456203343
  ],
  "Cameroon, Federal Republic of": [
    12.611552456953572,
    5.663098262285096
  ],
  "Colombia": [
    -73.07773203253663,
    3.9272138479204006
  ],
  "Russia": [
    96.87522333795941,
    61.980840704682194
  ],
  "Haiti": [
    -72.65801345517127,
    18.90070095173092
  ],
  "Sri Lanka": [
    80.6672357877512,
    7.700534337706291
  ],
  "Ireland, Republic of": [
    -8.010236806541535,
    53.18059108949022
  ],
  "Ethiopia": [
    39.551255795929414,
    8.653999193325818
  ],
  "Australia": [
    134.50277546065428,
    -25.730654744883036
  ],
  "Israel": [
    35.00384996267353,
    31.484917756756627
  ],
  "Somalia, Democratic Republic of": [
    45.72670072386596,
    4.752347709937335
  ],
  "Lebanon": [
    35.870986399455646,
    33.91182712116963
  ],
  "Turkey": [
    35.11690118892173,
    39.0683717510573
  ],
  "Tunisia": [
    9.5347161835008,
    34.1729392589533
  ],
  "Ivory Coast, Republic of": [
    -5.612043679188235,
    7.553755039532441
  ],
  "South Africa, Republic of": [
    25.048013931521357,
    -28.947033272505514
  ],
  "Germany": [
    10.28848506404657,
    51.133722711258784
  ],
  "Venezuela": [
    -66.16382729479628,
    7.162132242283137
  ],
  "Nepal": [
    84.01317380021746,
    28.23944004709283
  ],
  "Italy": [
    12.140788356331672,
    42.75118276365159
  ],
  "Japan": [
    138.06496186793956,
    37.66311058743303
  ],
  "Burundi": [
    29.913901081153163,
    -3.3773917805070743
  ],
  "Jordan": [
    36.77945498882163,
    31.245490666265326
  ],
  "Romania": [
    24.943252307608645,
    45.85710098777519
  ],
  "Poland": [
    19.31101431086576,
    52.148260305574276
  ],
  "Taiwan": [
    120.97480073551196,
    23.740964945370994
  ],
  "Portugal": [
    -8.05576565398752,
    39.63404967691413
  ],
  "Cuba": [
    -78.9606848744809,
    21.631751486103937
  ],
  "Hungary": [
    19.3576285480236,
    47.199951195081454
  ],
  "Sudan, Democratic Republic of": [
    29.862604017208458,
    15.990584955445732
  ],
  "Ghana": [
    -1.236968481719099,
    7.928651850055786
  ],
  "El Salvador": [
    -88.87290324483844,
    13.726091618589376
  ],
  "Spain": [
    -3.6170206759564527,
    40.34865615421449
  ],
  "Dominican Republic": [
    -70.4623584650498,
    18.88448706027172
  ],
  "Moldova": [
    28.410482745436806,
    47.20367646591266
  ],
  "Albania": [
    20.032426386052148,
    41.14135336776868
  ],
  "Senegal": [
    -14.50980270579705,
    14.354140014155806
  ],
  "Netherlands, The": [
    5.512217257118125,
    52.29870025956681
  ],
  "Croatia": [
    16.56619110394413,
    45.0162341027784
  ],
  "Thailand": [
    101.00613361307724,
    15.016975159492524
  ],
  "Peru": [
    -74.39180587730107,
    -9.191562965945689
  ],
  "New Zealand": [
    172.7019260945137,
    -41.66257868503352
  ],
  "Libya": [
    17.974352720239526,
    26.997460440963433
  ],
  "Kenya": [
    37.79155523764566,
    0.5959662917718888
  ],
  "Indonesia, Republic of": [
    117.42340794351837,
    -2.2217380413358567
  ],
  "Belgium": [
    4.580831170355562,
    50.652442788532795
  ],
  "Guyana": [
    -58.971203123743976,
    4.790225358669163
  ],
  "Trinidad and Tobago, Republic of": [
    -61.33036691444743,
    10.428237089201463
  ],
  "Zimbabwe": [
    29.78854831417208,
    -18.906987904330226
  ],
  "Yemen": [
    47.535044576933146,
    15.91323186702399
  ],
  "Greece": [
    22.719813459686613,
    39.066716005193875
  ],
  "Rwanda": [
    29.918965896965677,
    -2.01351556441697
  ],
  "Kazakhstan": [
    67.28460878718059,
    48.19166212525936
  ],
  "Honduras": [
    -86.58996381210999,
    14.82294706719618
  ],
  "Malaysia": [
    109.69814849304863,
    3.7255883777921426
  ],
  "Chile": [
    -71.52064384269451,
    -39.04701418752361
  ],
  "Czech Republic": [
    15.334558261592665,
    49.77524526102691
  ],
  "Guinea, Republic of": [
    -11.060853680804717,
    10.4482729585128
  ],
  "Benin, Republic of": [
    2.3373776582836743,
    9.647430604325605
  ],
  "Togo, Republic of": [
    0.9964041377430797,
    8.439541614235031
  ],
  "Central African Republic": [
    20.374346983937308,
    6.542778839030218
  ],
  "Uganda": [
    32.357548243356774,
    1.2954870115966215
  ],
  "Argentina": [
    -65.17536065969114,
    -35.44682138709457
  ],
  "Belarus": [
    27.981354019495736,
    53.506344352815105
  ],
  "Bulgaria": [
    25.195110896460317,
    42.753118773003436
  ],
  "Armenia": [
    45.000290236452194,
    40.21660746331762
  ],
  "United States of America": [
    -112.59943833351191,
    45.705629532237396
  ],
  "United Kingdom and Overseas Territories": [
    -2.853135549593864,
    53.914773538359306
  ],
  "Korea, Republic of": [
    127.82131716621139,
    36.42759872225762
  ],
  "Congo, Democratic Republic of the": [
    23.58295588756026,
    -2.8502756233323843
  ],
  "Serbia, Republic of": [
    20.819651225489288,
    44.23303717135303
  ],
  "Palestinian Authority (Gaza/West Bank)": [
    35.27331963061388,
    31.941136592976413
  ],
  "Slovak Republic": [
    19.507657094537745,
    48.72671130750541
  ],
  "Myanmar (Burma)": [
    96.50584091100927,
    21.016999825030823
  ],
  "Burkina-Faso": [
    -1.776537393215492,
    12.311650411193021
  ],
  "Hong Kong SAR": [
    114.07515233045417,
    22.360179211608035
  ],
  "Mauritius": [
    57.496666666677726,
    -20.316666666670685
  ],
  "St. Vincent and the Grenadines": [
    -61.20999999991027,
    13.239999999980585
  ],
  "St. Lucia": [
    -60.98666666663947,
    13.89999999999405
  ],
  "Singapore": [
    103.77999999996787,
    1.376666666666238
  ],
  "Stateless": [
    -150,
    0
  ]
}